Instance;Vertex;Edge;k;Fascia;b;Primal;Dual;Gap;Time;Status
myciel4;23;71;4;Small;6;10;10.00;0.00;0.21;Optimal
myciel4;23;71;8;Small;3;11;11.00;0.00;0.10;Optimal
myciel4;23;71;12;Small;2;12;12.00;0.00;0.04;Optimal
queen5_5;25;160;4;Small;7;16;16.00;0.00;503.90;Optimal
queen5_5;25;160;8;Small;4;17;17.00;0.00;0.26;Optimal
queen5_5;25;160;12;Small;3;19;19.00;0.00;0.23;Optimal
queen6_6;36;290;4;Small;9;25;16.66;50.07;1799.45;Feasible
queen6_6;36;290;8;Small;5;26;26.00;0.00;364.65;Optimal
queen6_6;36;290;12;Small;3;28;28.00;0.00;1.63;Optimal
myciel5;47;236;4;Small;12;19;19.00;0.00;116.13;Optimal
myciel5;47;236;8;Small;6;20;20.00;0.00;0.48;Optimal
myciel5;47;236;12;Small;4;22;22.00;0.00;0.24;Optimal
queen7_7;49;476;4;Small;13;35;18.23;92.02;1799.69;Feasible
queen7_7;49;476;8;Small;7;36;27.15;32.61;1799.82;Feasible
queen7_7;49;476;12;Small;5;38;31.85;19.30;1799.82;Feasible
queen8_8;64;728;4;Small;16;47;21.86;114.96;1799.82;Feasible
queen8_8;64;728;8;Small;8;48;33.82;41.93;1799.82;Feasible
queen8_8;64;728;12;Small;6;50;38.43;30.10;1799.45;Feasible
huck;74;301;4;Small;19;5;5.00;0.00;0.05;Optimal
huck;74;301;8;Small;10;11;11.00;0.00;0.02;Optimal
huck;74;301;12;Small;7;16;16.00;0.00;0.02;Optimal
jean;80;254;4;Small;20;7;7.00;0.00;0.05;Optimal
jean;80;254;8;Small;10;11;11.00;0.00;0.08;Optimal
jean;80;254;12;Small;7;14;14.00;0.00;0.03;Optimal
queen9_9;81;1056;4;Small;21;59;25.80;128.73;1799.81;Feasible
queen9_9;81;1056;8;Small;11;62;37.63;64.77;1799.82;Feasible
queen9_9;81;1056;12;Small;7;66;46.81;41.00;1799.48;Feasible
david;87;406;4;Small;22;13;13.00;0.00;0.17;Optimal
david;87;406;8;Small;11;16;16.00;0.00;0.25;Optimal
david;87;406;12;Small;8;19;19.00;0.00;0.18;Optimal
myciel6;95;755;4;Small;24;38;28.62;32.79;1799.82;Feasible
myciel6;95;755;8;Small;12;35;35.00;0.00;32.03;Optimal
myciel6;95;755;12;Small;8;42;39.84;5.42;1799.80;Feasible
queen8_12;96;1368;4;Small;24;72;29.79;141.72;1799.82;Feasible
queen8_12;96;1368;8;Small;12;75;43.99;70.50;1799.82;Feasible
queen8_12;96;1368;12;Small;8;79;53.59;47.42;1799.82;Feasible
queen10_10;100;1470;4;Small;25;75;30.45;146.34;1799.82;Feasible
queen10_10;100;1470;8;Small;13;81;44.12;83.59;1799.84;Feasible
queen10_10;100;1470;12;Small;9;82;53.47;53.36;1799.77;Feasible
games120;120;638;4;Small;30;46;23.01;99.92;1367.75;Feasible
games120;120;638;8;Small;15;57;28.09;102.92;1342.08;Feasible
games120;120;638;12;Small;10;58;30.16;92.28;1799.82;Feasible
queen11_11;121;1980;4;Small;31;90;35.77;151.63;1799.82;Feasible
queen11_11;121;1980;8;Small;16;101;49.02;106.04;1799.82;Feasible
queen11_11;121;1980;12;Small;11;99;60.94;62.46;1799.82;Feasible
miles1000;128;3216;4;Small;32;54;51.22;5.44;1799.82;Feasible
miles1500;128;5198;4;Small;32;64;64.00;0.00;0.70;Optimal
miles250;128;387;4;Small;32;8;8.00;0.00;0.23;Optimal
miles500;128;1170;4;Small;32;29;22.44;29.24;1799.83;Feasible
miles750;128;2113;4;Small;32;38;38.00;0.00;1601.24;Optimal
miles1000;128;3216;8;Small;16;76;73.72;3.09;1799.75;Feasible
miles1500;128;5198;8;Small;16;91;91.00;0.00;1.96;Optimal
miles250;128;387;8;Small;16;13;13.00;0.00;2.02;Optimal
miles500;128;1170;8;Small;16;46;36.55;25.85;1799.82;Feasible
miles750;128;2113;8;Small;16;63;56.15;12.20;1799.44;Feasible
miles1000;128;3216;12;Small;11;85;85.00;0.00;66.69;Optimal
miles1500;128;5198;12;Small;11;99;99.00;0.00;0.77;Optimal
miles250;128;387;12;Small;11;22;22.00;0.00;190.17;Optimal
miles500;128;1170;12;Small;11;52;46.60;11.59;1799.49;Feasible
miles750;128;2113;12;Small;11;69;69.00;0.00;86.67;Optimal
anna;138;493;4;Small;35;13;13.00;0.00;0.22;Optimal
anna;138;493;8;Small;18;15;15.00;0.00;0.37;Optimal
anna;138;493;12;Small;12;16;16.00;0.00;0.46;Optimal
queen12_12;144;2596;4;Small;36;108;41.40;160.86;1799.82;Feasible
queen12_12;144;2596;8;Small;18;121;56.98;112.37;1799.83;Feasible
queen12_12;144;2596;12;Small;12;120;73.04;64.30;1799.49;Feasible
queen13_13;169;3328;4;Small;43;126;48.42;160.23;1799.49;Feasible
queen13_13;169;3328;8;Small;22;145;61.34;136.38;1799.82;Feasible
queen13_13;169;3328;12;Small;15;144;78.23;84.07;1799.82;Feasible
mulsol.i.3;184;3916;4;Small;46;39;39.00;0.00;0.07;Optimal
mulsol.i.3;184;3916;8;Small;23;55;55.00;0.00;0.23;Optimal
mulsol.i.3;184;3916;12;Small;16;55;55.00;0.00;0.17;Optimal
mulsol.i.4;185;3946;4;Small;47;38;38.00;0.00;0.07;Optimal
mulsol.i.4;185;3946;8;Small;24;55;55.00;0.00;0.17;Optimal
mulsol.i.4;185;3946;12;Small;16;55;55.00;0.00;0.21;Optimal
mulsol.i.5;186;3973;4;Small;47;38;38.00;0.00;0.07;Optimal
mulsol.i.5;186;3973;8;Small;24;55;55.00;0.00;0.18;Optimal
mulsol.i.5;186;3973;12;Small;16;55;55.00;0.00;0.16;Optimal
mulsol.i.2;188;3885;4;Small;47;38;38.00;0.00;0.14;Optimal
mulsol.i.2;188;3885;8;Small;24;54;54.00;0.00;0.15;Optimal
mulsol.i.2;188;3885;12;Small;16;55;55.00;0.00;0.23;Optimal
myciel7;191;2360;4;Small;48;75;41.25;81.80;1444.01;Feasible
myciel7;191;2360;8;Small;24;65;54.87;18.47;1799.83;Feasible
myciel7;191;2360;12;Small;16;84;60.14;39.67;1323.03;Feasible
queen14_14;196;4186;4;Small;49;147;55.24;166.12;1799.83;Feasible
queen14_14;196;4186;8;Small;25;170;67.49;151.89;1799.83;Feasible
queen14_14;196;4186;12;Small;17;172;89.85;91.43;1799.82;Feasible
mulsol.i.1;197;3925;4;Small;50;38;38.00;0.00;0.46;Optimal
mulsol.i.1;197;3925;8;Small;25;69;69.00;0.00;0.34;Optimal
mulsol.i.1;197;3925;12;Small;17;74;74.00;0.00;0.27;Optimal
zeroin.i.3;206;3540;4;Small;52;28;28.00;0.00;0.31;Optimal
zeroin.i.3;206;3540;8;Small;26;38;38.00;0.00;0.65;Optimal
zeroin.i.3;206;3540;12;Small;18;42;42.00;0.00;0.55;Optimal
zeroin.i.1;211;4100;4;Small;53;43;43.00;0.00;0.72;Optimal
zeroin.i.2;211;3541;4;Small;53;28;28.00;0.00;0.22;Optimal
zeroin.i.1;211;4100;8;Small;27;49;49.00;0.00;0.49;Optimal
zeroin.i.2;211;3541;8;Small;27;38;38.00;0.00;0.65;Optimal
zeroin.i.1;211;4100;12;Small;18;57;57.00;0.00;0.83;Optimal
zeroin.i.2;211;3541;12;Small;18;42;42.00;0.00;0.86;Optimal
queen15_15;225;5180;4;Small;57;168;61.97;171.09;1799.70;Feasible
queen15_15;225;5180;8;Small;29;195;72.37;169.44;1799.83;Feasible
queen15_15;225;5180;12;Small;19;199;98.19;102.67;1799.84;Feasible
queen16_16;256;6320;4;Small;64;192;70.52;172.27;1799.83;Feasible
queen16_16;256;6320;8;Small;32;224;80.74;177.44;1799.84;Feasible
queen16_16;256;6320;12;Small;22;232;109.17;112.51;1799.82;Feasible
school1_nsh;352;14612;4;Small;88;245;84.73;189.16;1799.83;Feasible
school1_nsh;352;14612;8;Small;44;303;118.10;156.57;1799.71;Feasible
school1_nsh;352;14612;12;Small;30;269;139.37;93.01;1799.83;Feasible
school1;385;19095;4;Small;97;267;100.94;164.51;1799.71;Feasible
school1;385;19095;8;Small;49;311;124.84;149.12;1799.83;Feasible
school1;385;19095;12;Small;33;292;153.36;90.41;1799.73;Feasible
fpsol2.i.3;425;8688;4;Small;107;29;29.00;0.00;1.76;Optimal
fpsol2.i.3;425;8688;8;Small;54;36;36.00;0.00;1.86;Optimal
fpsol2.i.3;425;8688;12;Small;36;47;47.00;0.00;1.47;Optimal
fpsol2.i.2;451;8691;4;Small;113;29;29.00;0.00;2.71;Optimal
fpsol2.i.2;451;8691;8;Small;57;34;34.00;0.00;1.15;Optimal
fpsol2.i.2;451;8691;12;Small;38;44;44.00;0.00;1.60;Optimal
fpsol2.i.1;496;11654;4;Small;124;51;51.00;0.00;3.21;Optimal
fpsol2.i.1;496;11654;8;Small;62;57;57.00;0.00;3.08;Optimal
fpsol2.i.1;496;11654;12;Small;42;74;74.00;0.00;10.54;Optimal
myciel4;23;71;16;Medium;2;12;12.00;0.00;0.04;Optimal
queen5_5;25;160;16;Medium;2;20;20.00;0.00;0.06;Optimal
queen5_5;25;160;24;Medium;2;20;20.00;0.00;0.06;Optimal
queen6_6;36;290;16;Medium;3;28;28.00;0.00;1.48;Optimal
queen6_6;36;290;24;Medium;2;28;28.00;0.00;0.15;Optimal
queen6_6;36;290;32;Medium;2;28;28.00;0.00;0.15;Optimal
myciel5;47;236;16;Medium;3;23;23.00;0.00;0.20;Optimal
myciel5;47;236;24;Medium;2;24;24.00;0.00;0.10;Optimal
myciel5;47;236;32;Medium;2;24;24.00;0.00;0.13;Optimal
queen7_7;49;476;16;Medium;4;38;36.00;5.56;1799.82;Feasible
queen7_7;49;476;24;Medium;3;39;39.00;0.00;16.46;Optimal
queen7_7;49;476;32;Medium;2;40;40.00;0.00;1.08;Optimal
queen8_8;64;728;16;Medium;4;52;44.23;17.56;1799.83;Feasible
queen8_8;64;728;24;Medium;3;52;52.00;0.00;392.96;Optimal
queen8_8;64;728;32;Medium;2;54;54.00;0.00;12.56;Optimal
huck;74;301;16;Medium;5;21;21.00;0.00;0.04;Optimal
huck;74;301;24;Medium;4;23;23.00;0.00;0.04;Optimal
huck;74;301;32;Medium;3;28;28.00;0.00;0.02;Optimal
jean;80;254;16;Medium;5;20;20.00;0.00;0.07;Optimal
jean;80;254;24;Medium;4;24;24.00;0.00;0.13;Optimal
jean;80;254;32;Medium;3;28;28.00;0.00;0.03;Optimal
queen9_9;81;1056;16;Medium;6;66;49.31;33.85;1799.82;Feasible
queen9_9;81;1056;24;Medium;4;64;55.64;15.02;1799.82;Feasible
queen9_9;81;1056;32;Medium;3;68;58.78;15.69;1799.82;Feasible
david;87;406;16;Medium;6;21;21.00;0.00;0.23;Optimal
david;87;406;24;Medium;4;25;25.00;0.00;0.05;Optimal
david;87;406;32;Medium;3;32;32.00;0.00;0.06;Optimal
myciel6;95;755;16;Medium;6;44;44.00;0.00;225.17;Optimal
myciel6;95;755;24;Medium;4;45;45.00;0.00;4.37;Optimal
myciel6;95;755;32;Medium;3;47;47.00;0.00;2.24;Optimal
queen8_12;96;1368;16;Medium;6;79;58.92;34.07;1799.83;Feasible
queen8_12;96;1368;24;Medium;4;81;64.71;25.18;1799.82;Feasible
queen8_12;96;1368;32;Medium;3;82;68.80;19.18;1799.82;Feasible
queen10_10;100;1470;16;Medium;7;84;58.56;43.45;1799.83;Feasible
queen10_10;100;1470;24;Medium;5;85;64.11;32.58;1799.83;Feasible
queen10_10;100;1470;32;Medium;4;85;67.15;26.59;1799.81;Feasible
games120;120;638;16;Medium;8;69;34.04;102.73;1799.83;Feasible
games120;120;638;24;Medium;5;72;51.80;39.01;1799.83;Feasible
games120;120;638;32;Medium;4;75;58.84;27.46;1799.82;Feasible
queen11_11;121;1980;16;Medium;8;101;68.77;46.87;1799.82;Feasible
queen11_11;121;1980;24;Medium;6;104;74.20;40.16;1799.82;Feasible
queen11_11;121;1980;32;Medium;4;105;80.11;31.07;1799.48;Feasible
miles1000;128;3216;16;Medium;8;90;90.00;0.00;5.54;Optimal
miles1500;128;5198;16;Medium;8;104;104.00;0.00;0.42;Optimal
miles250;128;387;16;Medium;8;28;28.00;0.00;305.85;Optimal
miles500;128;1170;16;Medium;8;61;59.62;2.31;1799.83;Feasible
miles750;128;2113;16;Medium;8;77;77.00;0.00;8.77;Optimal
miles1000;128;3216;24;Medium;6;96;96.00;0.00;1.27;Optimal
miles1500;128;5198;24;Medium;6;108;108.00;0.00;0.35;Optimal
miles250;128;387;24;Medium;6;37;37.00;0.00;88.35;Optimal
miles500;128;1170;24;Medium;6;71;71.00;0.00;1087.80;Optimal
miles750;128;2113;24;Medium;6;86;86.00;0.00;2.53;Optimal
miles1000;128;3216;32;Medium;4;104;104.00;0.00;0.42;Optimal
miles1500;128;5198;32;Medium;4;114;114.00;0.00;0.14;Optimal
miles250;128;387;32;Medium;4;46;46.00;0.00;0.70;Optimal
miles500;128;1170;32;Medium;4;81;81.00;0.00;4.77;Optimal
miles750;128;2113;32;Medium;4;96;96.00;0.00;0.67;Optimal
anna;138;493;16;Medium;9;18;18.00;0.00;0.55;Optimal
anna;138;493;24;Medium;6;22;22.00;0.00;0.36;Optimal
anna;138;493;32;Medium;5;23;23.00;0.00;0.28;Optimal
queen12_12;144;2596;16;Medium;9;123;79.83;54.08;1799.82;Feasible
queen12_12;144;2596;24;Medium;6;125;87.78;42.40;1799.82;Feasible
queen12_12;144;2596;32;Medium;5;126;90.90;38.62;1799.82;Feasible
queen13_13;169;3328;16;Medium;11;146;90.95;60.54;1799.84;Feasible
queen13_13;169;3328;24;Medium;8;147;97.20;51.23;1799.81;Feasible
queen13_13;169;3328;32;Medium;6;148;102.91;43.81;1799.84;Feasible
mulsol.i.3;184;3916;16;Medium;12;55;55.00;0.00;0.16;Optimal
mulsol.i.3;184;3916;24;Medium;8;57;57.00;0.00;0.15;Optimal
mulsol.i.3;184;3916;32;Medium;6;60;60.00;0.00;0.23;Optimal
mulsol.i.4;185;3946;16;Medium;12;55;55.00;0.00;0.14;Optimal
mulsol.i.4;185;3946;24;Medium;8;57;57.00;0.00;0.19;Optimal
mulsol.i.4;185;3946;32;Medium;6;60;60.00;0.00;0.20;Optimal
mulsol.i.5;186;3973;16;Medium;12;55;55.00;0.00;0.21;Optimal
mulsol.i.5;186;3973;24;Medium;8;57;57.00;0.00;0.15;Optimal
mulsol.i.5;186;3973;32;Medium;6;60;60.00;0.00;0.19;Optimal
mulsol.i.2;188;3885;16;Medium;12;55;55.00;0.00;0.17;Optimal
mulsol.i.2;188;3885;24;Medium;8;57;57.00;0.00;0.35;Optimal
mulsol.i.2;188;3885;32;Medium;6;60;60.00;0.00;0.23;Optimal
myciel7;191;2360;16;Medium;12;86;63.29;35.89;1332.73;Feasible
myciel7;191;2360;24;Medium;8;89;72.54;22.69;1524.28;Feasible
myciel7;191;2360;32;Medium;6;86;80.78;6.46;1534.57;Feasible
queen14_14;196;4186;16;Medium;13;169;98.50;71.57;1799.83;Feasible
queen14_14;196;4186;24;Medium;9;171;110.18;55.21;1799.47;Feasible
queen14_14;196;4186;32;Medium;7;172;115.68;48.68;1799.82;Feasible
mulsol.i.1;197;3925;16;Medium;13;76;76.00;0.00;0.27;Optimal
mulsol.i.1;197;3925;24;Medium;9;77;77.00;0.00;0.23;Optimal
mulsol.i.1;197;3925;32;Medium;7;79;79.00;0.00;0.27;Optimal
zeroin.i.3;206;3540;16;Medium;13;47;47.00;0.00;0.69;Optimal
zeroin.i.3;206;3540;24;Medium;9;51;51.00;0.00;0.77;Optimal
zeroin.i.3;206;3540;32;Medium;7;54;54.00;0.00;0.82;Optimal
zeroin.i.1;211;4100;16;Medium;14;61;61.00;0.00;1.01;Optimal
zeroin.i.2;211;3541;16;Medium;14;46;46.00;0.00;0.71;Optimal
zeroin.i.1;211;4100;24;Medium;9;70;70.00;0.00;0.49;Optimal
zeroin.i.2;211;3541;24;Medium;9;51;51.00;0.00;0.78;Optimal
zeroin.i.1;211;4100;32;Medium;7;72;72.00;0.00;0.49;Optimal
zeroin.i.2;211;3541;32;Medium;7;55;55.00;0.00;0.39;Optimal
queen15_15;225;5180;16;Medium;15;198;112.89;75.40;1799.83;Feasible
queen15_15;225;5180;24;Medium;10;200;124.18;61.05;1799.71;Feasible
queen15_15;225;5180;32;Medium;8;199;129.29;53.91;1799.82;Feasible
queen16_16;256;6320;16;Medium;16;231;123.33;87.30;1799.71;Feasible
queen16_16;256;6320;24;Medium;11;234;137.54;70.13;1799.83;Feasible
queen16_16;256;6320;32;Medium;8;231;146.21;57.99;1799.83;Feasible
school1_nsh;352;14612;16;Medium;22;269;159.43;68.72;1799.69;Feasible
school1_nsh;352;14612;24;Medium;15;279;172.09;62.13;1799.82;Feasible
school1_nsh;352;14612;32;Medium;11;275;183.50;49.87;1799.78;Feasible
school1;385;19095;16;Medium;25;295;167.14;76.50;1799.83;Feasible
school1;385;19095;24;Medium;17;301;184.21;63.40;1799.83;Feasible
school1;385;19095;32;Medium;13;307;195.97;56.65;1799.84;Feasible
fpsol2.i.3;425;8688;16;Medium;27;56;56.00;0.00;1.60;Optimal
fpsol2.i.3;425;8688;24;Medium;18;65;65.00;0.00;1.74;Optimal
fpsol2.i.3;425;8688;32;Medium;14;73;73.00;0.00;1.95;Optimal
fpsol2.i.2;451;8691;16;Medium;29;54;54.00;0.00;3.51;Optimal
fpsol2.i.2;451;8691;24;Medium;19;63;63.00;0.00;4.45;Optimal
fpsol2.i.2;451;8691;32;Medium;15;71;71.00;0.00;5.71;Optimal
fpsol2.i.1;496;11654;16;Medium;31;88;88.00;0.00;8.69;Optimal
fpsol2.i.1;496;11654;24;Medium;21;95;95.00;0.00;18.21;Optimal
fpsol2.i.1;496;11654;32;Medium;16;102;102.00;0.00;14.83;Optimal
huck;74;301;64;Large;2;36;36.00;0.00;0.02;Optimal
jean;80;254;64;Large;2;33;33.00;0.00;0.03;Optimal
queen9_9;81;1056;64;Large;2;69;69.00;0.00;106.02;Optimal
david;87;406;64;Large;2;38;38.00;0.00;0.03;Optimal
myciel6;95;755;64;Large;2;48;48.00;0.00;0.62;Optimal
queen8_12;96;1368;64;Large;2;83;83.00;0.00;802.54;Optimal
queen10_10;100;1470;64;Large;2;87;87.00;0.00;1559.12;Optimal
games120;120;638;64;Large;2;86;76.68;12.16;1799.82;Feasible
queen11_11;121;1980;64;Large;2;107;95.83;11.66;1799.82;Feasible
miles1000;128;3216;64;Large;2;114;114.00;0.00;0.11;Optimal
miles1500;128;5198;64;Large;2;120;120.00;0.00;0.08;Optimal
miles250;128;387;64;Large;2;67;67.00;0.00;0.07;Optimal
miles500;128;1170;64;Large;2;96;96.00;0.00;0.36;Optimal
miles750;128;2113;64;Large;2;108;108.00;0.00;0.16;Optimal
anna;138;493;64;Large;3;29;29.00;0.00;0.14;Optimal
anna;138;493;128;Large;2;39;39.00;0.00;0.13;Optimal
queen12_12;144;2596;64;Large;3;128;97.32;31.53;1799.82;Feasible
queen12_12;144;2596;128;Large;2;128;108.39;18.10;1799.83;Feasible
queen13_13;169;3328;64;Large;3;150;114.63;30.85;1799.82;Feasible
queen13_13;169;3328;128;Large;2;152;122.48;24.10;1799.81;Feasible
mulsol.i.3;184;3916;64;Large;3;74;74.00;0.00;0.23;Optimal
mulsol.i.3;184;3916;128;Large;2;77;77.00;0.00;0.23;Optimal
mulsol.i.4;185;3946;64;Large;3;73;73.00;0.00;0.22;Optimal
mulsol.i.4;185;3946;128;Large;2;77;77.00;0.00;0.19;Optimal
mulsol.i.5;186;3973;64;Large;3;73;73.00;0.00;0.25;Optimal
mulsol.i.5;186;3973;128;Large;2;76;76.00;0.00;0.19;Optimal
mulsol.i.2;188;3885;64;Large;3;73;73.00;0.00;0.25;Optimal
mulsol.i.2;188;3885;128;Large;2;77;77.00;0.00;0.21;Optimal
myciel7;191;2360;64;Large;3;95;95.00;0.00;402.59;Optimal
myciel7;191;2360;128;Large;2;96;96.00;0.00;8.32;Optimal
queen14_14;196;4186;64;Large;4;176;124.76;41.07;1799.84;Feasible
queen14_14;196;4186;128;Large;2;178;138.13;28.86;1799.72;Feasible
mulsol.i.1;197;3925;64;Large;4;82;82.00;0.00;0.25;Optimal
mulsol.i.1;197;3925;128;Large;2;87;87.00;0.00;0.31;Optimal
zeroin.i.3;206;3540;64;Large;4;62;62.00;0.00;0.43;Optimal
zeroin.i.3;206;3540;128;Large;2;73;73.00;0.00;0.48;Optimal
zeroin.i.1;211;4100;64;Large;4;78;78.00;0.00;0.77;Optimal
zeroin.i.2;211;3541;64;Large;4;62;62.00;0.00;0.40;Optimal
zeroin.i.1;211;4100;128;Large;2;84;84.00;0.00;0.48;Optimal
zeroin.i.2;211;3541;128;Large;2;73;73.00;0.00;0.50;Optimal
queen15_15;225;5180;64;Large;4;204;141.76;43.90;1799.83;Feasible
queen15_15;225;5180;128;Large;2;206;154.96;32.94;1799.82;Feasible
queen16_16;256;6320;64;Large;4;234;164.42;42.32;1799.69;Feasible
queen16_16;256;6320;128;Large;2;235;173.08;35.77;1799.82;Feasible
school1_nsh;352;14612;64;Large;6;281;203.90;37.81;1799.83;Feasible
school1_nsh;352;14612;128;Large;3;291;229.97;26.54;1799.70;Feasible
school1_nsh;352;14612;256;Large;2;300;248.71;20.62;1799.82;Feasible
school1;385;19095;64;Large;7;307;218.51;40.50;1799.83;Feasible
school1;385;19095;128;Large;4;318;233.29;36.31;1799.83;Feasible
school1;385;19095;256;Large;2;328;276.18;18.76;1799.83;Feasible
fpsol2.i.3;425;8688;64;Large;7;93;93.00;0.00;6.28;Optimal
fpsol2.i.3;425;8688;128;Large;4;114;114.00;0.00;7.38;Optimal
fpsol2.i.3;425;8688;256;Large;2;143;143.00;0.00;2.96;Optimal
fpsol2.i.2;451;8691;64;Large;8;88;88.00;0.00;9.79;Optimal
fpsol2.i.2;451;8691;128;Large;4;114;114.00;0.00;12.00;Optimal
fpsol2.i.2;451;8691;256;Large;2;143;143.00;0.00;8.05;Optimal
fpsol2.i.1;496;11654;64;Large;8;125;125.00;0.00;22.78;Optimal
fpsol2.i.1;496;11654;128;Large;4;145;145.00;0.00;14.96;Optimal
fpsol2.i.1;496;11654;256;Large;2;166;166.00;0.00;5.87;Optimal
